,3rd Ventricle,4th Ventricle,Right Accumbens Area,Left Accumbens Area,Right Amygdala,Left Amygdala,Brain Stem,Right Caudate,Left Caudate,Right Cerebellum Exterior,Left Cerebellum Exterior,Right Cerebellum White Matter,Left Cerebellum White Matter,Right Cerebral White Matter,Left Cerebral White Matter,CSF,Right Hippocampus,Left Hippocampus,Right Inf Lat Vent,Left Inf Lat Vent,Right Lateral Ventricle,Left Lateral Ventricle,Right Pallidum,Left Pallidum,Right Putamen,Left Putamen,Right Thalamus Proper,Left Thalamus Proper,Right Ventral DC,Left Ventral DC,Right vessel,Left vessel,Optic Chiasm,Cerebellar Vermal Lobules I-V,Cerebellar Vermal Lobules VI-VII,Cerebellar Vermal Lobules VIII-X,Left Basal Forebrain,Right Basal Forebrain,Right ACgG anterior cingulate gyrus,Left ACgG anterior cingulate gyrus,Right AIns anterior insula,Left AIns anterior insula,Right AOrG anterior orbital gyrus,Left AOrG anterior orbital gyrus,Right AnG angular gyrus,Left AnG angular gyrus,Right Calc calcarine cortex,Left Calc calcarine cortex,Right CO central operculum,Left CO central operculum,Right Cun cuneus,Left Cun cuneus,Right Ent entorhinal area,Left Ent entorhinal area,Right FO frontal operculum,Left FO frontal operculum,Right FRP frontal pole,Left FRP frontal pole,Right FuG fusiform gyrus,Left FuG fusiform gyrus,Right GRe gyrus rectus,Left GRe gyrus rectus,Right IOG inferior occipital gyrus,Left IOG inferior occipital gyrus,Right ITG inferior temporal gyrus,Left ITG inferior temporal gyrus,Right LiG lingual gyrus,Left LiG lingual gyrus,Right LOrG lateral orbital gyrus,Left LOrG lateral orbital gyrus,Right MCgG middle cingulate gyrus,Left MCgG middle cingulate gyrus,Right MFC medial frontal cortex,Left MFC medial frontal cortex,Right MFG middle frontal gyrus,Left MFG middle frontal gyrus,Right MOG middle occipital gyrus,Left MOG middle occipital gyrus,Right MOrG medial orbital gyrus,Left MOrG medial orbital gyrus,Right MPoG postcentral gyrus medial segment,Left MPoG postcentral gyrus medial segment,Right MPrG precentral gyrus medial segment,Left MPrG precentral gyrus medial segment,Right MSFG superior frontal gyrus medial segment,Left MSFG superior frontal gyrus medial segment,Right MTG middle temporal gyrus,Left MTG middle temporal gyrus,Right OCP occipital pole,Left OCP occipital pole,Right OFuG occipital fusiform gyrus,Left OFuG occipital fusiform gyrus,Right OpIFG opercular part of the inferior frontal gyrus,Left OpIFG opercular part of the inferior frontal gyrus,Right OrIFG orbital part of the inferior frontal gyrus,Left OrIFG orbital part of the inferior frontal gyrus,Right PCgG posterior cingulate gyrus,Left PCgG posterior cingulate gyrus,Right PCu precuneus,Left PCu precuneus,Right PHG parahippocampal gyrus,Left PHG parahippocampal gyrus,Right PIns posterior insula,Left PIns posterior insula,Right PO parietal operculum,Left PO parietal operculum,Right PoG postcentral gyrus,Left PoG postcentral gyrus,Right POrG posterior orbital gyrus,Left POrG posterior orbital gyrus,Right PP planum polare,Left PP planum polare,Right PrG precentral gyrus,Left PrG precentral gyrus,Right PT planum temporale,Left PT planum temporale,Right SCA subcallosal area,Left SCA subcallosal area,Right SFG superior frontal gyrus,Left SFG superior frontal gyrus,Right SMC supplementary motor cortex,Left SMC supplementary motor cortex,Right SMG supramarginal gyrus,Left SMG supramarginal gyrus,Right SOG superior occipital gyrus,Left SOG superior occipital gyrus,Right SPL superior parietal lobule,Left SPL superior parietal lobule,Right STG superior temporal gyrus,Left STG superior temporal gyrus,Right TMP temporal pole,Left TMP temporal pole,Right TrIFG triangular part of the inferior frontal gyrus,Left TrIFG triangular part of the inferior frontal gyrus,Right TTG transverse temporal gyrus,Left TTG transverse temporal gyrus,group
CT003,9.794498319581303e-07,2.6752423966520325e-05,1.3772655978623807e-06,1.9945659012587264e-06,5.865724723174351e-06,1.0878203265148353e-05,0.011621270774690717,4.843475468955003e-05,5.4643423846181424e-05,0.005782005078770855,0.0058058740268491955,0.0070256236592589685,0.007307107110348317,0.1242791324707277,0.12477866010134132,2.817633005466217e-06,0.0001181622538127239,0.00012119114055521429,5.761469630415347e-07,0.0,0.00023983900684176478,0.00044201171788975304,0.0007920072608390534,0.0007624893332769076,0.0005098735932004909,0.0005328069873092691,0.001530646871096518,0.0018206435781313165,0.0024052982800643902,0.002465088615517252,0.0,0.0,0.0,0.0006541407922665432,0.00027514583800910056,0.000491178998966687,1.1522939052331558e-06,3.0124255272779735e-06,0.00017102236573965726,0.00039827941579329874,0.0001357758903442046,0.00012061499478061783,0.00019662798126202606,0.00017313490341222282,0.0013623708027549425,0.0010430015740552404,0.0005882570172060325,0.000507393419516636,0.00018706668660834955,0.00029304480379297365,0.0007079035322480715,0.0005736942140985487,0.00011290285528074581,7.793622210764793e-05,8.491034394323153e-05,6.76204482512969e-05,0.00020652124815515166,0.0002118986193445579,0.0006165513173327336,0.0005961941259903687,0.00030446074214211105,0.0002687067080969357,0.0007631148690772148,0.0009105289251975702,0.0013109784945429712,0.001569816628841445,0.0012346856670693532,0.0011790902294275232,0.00018136557454812233,0.00019979130326367635,0.0003740894743805837,0.0003300005139816503,0.00010782453092925105,0.0001178741801487664,0.002185668338283101,0.002509918356913335,0.0005990145013276212,0.0005099668733783281,0.00036790275349005234,0.000454536049071855,9.630159171012018e-05,0.00011243644951267976,0.0002847043894240196,0.0003959254425962273,0.0005740508781295415,0.00044250281070079507,0.0013102130435007373,0.001633936296478377,0.0006606924039749268,0.0005366122981428481,0.00045671717752845416,0.000523437739259433,0.0001932314591076815,0.0003000765384640066,5.650355476975413e-05,0.00012505132494175617,0.00027442428262337013,0.0002655214402060756,0.0011784592098601897,0.001189576103227058,0.00026930754875928805,0.0003039339805552496,5.421542892509713e-05,5.765310578546588e-05,8.611202189025033e-05,0.0002564759319428649,0.0014961685894920836,0.001795817130824915,0.0001926251325828866,0.0002541000126272346,5.3891689242721256e-05,8.986246393507147e-05,0.001835615172031695,0.0017216011771998975,9.9152147568222e-05,0.0001857634958742956,5.007540135710448e-05,4.770496782051705e-05,0.001370494475882499,0.0015258044902719992,0.0003852036241125461,0.0005159642907682521,0.0008818230918966702,0.0009375749131471596,0.0005065045038038069,0.00041554461854694435,0.0014694655463199748,0.0013896472464352359,0.000445504261975136,0.0004910802286612969,0.0006666294632056527,0.0007084330408266749,0.00037557373808582594,0.0002091962160183863,7.123919982382176e-05,3.811898036407594e-05,CT
CT007,1.634937148843193e-06,3.1907555342007194e-05,4.965672088406342e-06,1.3361669314965381e-06,3.386062768102029e-06,1.336443550614402e-05,0.013415939962394327,8.116038241339596e-05,8.256847571856224e-05,0.00623546493795218,0.0063850852021376985,0.008710850938746325,0.008893026093474091,0.11777632804811239,0.11878560433089418,2.8770467476466744e-07,0.0001360760132734137,0.0001538832726407206,4.1495866673885364e-07,0.0,0.000569846141478973,0.0006832930754711241,0.0009208347676888804,0.0009069889805206707,0.00031994143460787884,0.000365611785314845,0.001979402638991333,0.00212098653374272,0.0026011324109470905,0.002732289778223072,0.0,0.0,0.0,0.0008685389211508596,0.0002633300040387519,0.00044502380801108833,3.668234608505371e-06,4.348766833309751e-06,0.0003016528207692486,0.00026456934794042764,0.000207540195546015,0.0002064640696535743,0.0002411158822837063,0.00016002742647523797,0.0012824961471303332,0.0010279356052972854,0.0005425888880700913,0.0005817803505397451,0.0002628541849719059,0.00030196818913228064,0.0006807120277670891,0.0005987825890615377,4.973694618866763e-05,0.00010068003863162805,0.00010479089542695214,0.00014941555062023047,0.0002223154889507222,0.00022108444432686772,0.0005901514491339493,0.000781704666142363,0.00028989565633751946,0.0002517471227593944,0.0010081614394763,0.0007522813300662888,0.0012710543552873486,0.0013700081636419037,0.0010592843526257565,0.0012022486773934883,0.00023437418711048756,0.00018679779355076912,0.00038096248650283497,0.0003344345540856059,0.0001464057169095959,0.00013105501262064795,0.0018792592710020675,0.0023409173832089824,0.0005849533982861838,0.0006964500252685393,0.0002910271114986049,0.000481966191692609,7.567186268640258e-05,7.374922057897822e-05,0.0002773196447820992,0.00027699597604802673,0.0004908739718771344,0.0006191708916969328,0.0012098728506440485,0.0012813840593439995,0.0005682637616629398,0.000684023396982241,0.0005099178058224452,0.0005616050577121991,0.00020811283726425976,0.00041922997258765133,6.34637785560027e-05,6.766869298885981e-05,0.0003203148939790201,0.0003254299513232639,0.0010787735768411745,0.0011796776913698432,0.0002791537609931328,0.0003367085291304445,7.558333847188734e-05,6.949174525509315e-05,0.0001599693319509578,0.00018475619701300834,0.0013107271720916732,0.001513633660712499,0.0002021153012224828,0.00021827932498303952,7.33093647094788e-05,6.689133736632438e-05,0.0019259144607855334,0.0016530708417482039,9.922491693341999e-05,8.806252851117483e-05,4.423182752760967e-05,6.108468226520596e-05,0.0013923025118998897,0.0016115583708633697,0.00048305614987593153,0.0004691052403081023,0.0006758182814006258,0.000918754448655656,0.0005543737110340883,0.0003810233457571644,0.001232662378321802,0.0014278091388560256,0.0005179873705624727,0.0006228086954063551,0.0006481903360363973,0.0005105983411587192,0.00046338157597745796,0.0003691970243174842,0.00015830673177608568,0.00024229713258613347,CT
CT010,1.541840511152811e-06,2.1602375549582647e-05,2.842854886554492e-06,5.569448910091776e-06,7.277376353385918e-06,5.763217092254472e-06,0.013521362218971844,4.523931622826209e-05,4.242414240240001e-05,0.006360839338068276,0.006618542612059087,0.009305090148931688,0.009267958647714465,0.11631816807228763,0.11558498555733754,1.516927439776786e-06,0.0001276101362612448,0.00010768247123659128,9.162463054226567e-07,7.197100918704741e-07,0.00018016004811735148,0.00022486788644149563,0.0008472759313095312,0.0008024573716298842,0.0003452560073347656,0.0003322513997855245,0.0017867965705855927,0.002081562139030568,0.0025174600697124424,0.0026392322493254605,0.0,0.0,0.0,0.0009308093690131437,0.0003199166732297665,0.00048461402567703533,6.172898065317117e-07,1.1017100883869098e-06,0.00025063904122677843,0.00024275267977108919,0.0001912242048774497,0.00016949172832367982,0.00017726736422181495,0.0001575722208495679,0.0014538033091508248,0.0011358326246978248,0.000508001834669014,0.0005499055689315012,0.00028181909604074463,0.0003015945150790749,0.0006938503565991786,0.0006122739861456694,9.050077639209183e-05,0.0001078540945365416,9.609790659427807e-05,7.535918353885703e-05,0.00020422327599051304,0.00014002236728043662,0.0008721668329591779,0.0006709331243241864,0.00029745341315430204,0.0003099736000693257,0.0010881462942308308,0.000995929286480087,0.0014039246342403835,0.001069530717653018,0.0012213840133204843,0.0009986807977297194,0.00018536963898379955,0.0001437011929430681,0.0003218681943879154,0.00032390552789550474,9.892692099781859e-05,0.0001161418326502412,0.002036807240875323,0.002245999283884258,0.0005509962054533264,0.0007610989571902734,0.00032714145561937635,0.0004681769516396886,0.0001016618190418964,0.00013741480155176434,0.00033198565781209096,0.0003570537147907084,0.0004165543633842948,0.0003930752052858905,0.0012713318922237366,0.0013472225507268538,0.0004392279989887969,0.0005304567889568677,0.0005112100781661923,0.0006613471398927703,0.00028004473404547774,0.0001662364232651446,7.001118369280969e-05,8.545450160223867e-05,0.00028063434293857287,0.00033181680261189895,0.0009684252916850114,0.0009743545952676397,0.00032578231101231333,0.0003124095433079549,6.922227085980284e-05,7.287895172436813e-05,7.280698062577574e-05,0.00018181537806798826,0.0013779541778818011,0.0015096805012293725,0.00016823223514488142,0.00021993786883326336,3.4847809318721097e-05,7.138416925094994e-05,0.0013617939202259118,0.001699794692313443,0.00011990093395791937,0.00018420149353353275,2.8843766237971342e-05,4.4284315821499125e-05,0.0011793280324510957,0.0015630470017831506,0.0005091976589816538,0.00041796333329790705,0.001075241338972353,0.00107537144168576,0.000822606489347387,0.0005906549993416727,0.0011353039158611465,0.0017706833607318412,0.0004440860413121633,0.0008319378078384667,0.0005827852481359023,0.0005465838320557448,0.00029931912342505076,0.00023806902648607864,9.293395057905883e-05,0.00019318126232977962,CT
CT012,0.0,7.13133015228939e-05,2.331243325771728e-07,9.040675254850113e-07,1.3049276319829726e-06,2.8031779281247757e-06,0.01281820458367165,3.414418565471663e-05,3.773486902845977e-05,0.005888729081427946,0.005445736006358043,0.008517731705551649,0.008534803801268741,0.11274101342157124,0.11132512998716615,4.005758280026888e-06,0.00011211290199032022,9.011961132101148e-05,2.8714094121695403e-07,0.0,0.0001549566065221278,0.00019728573052903828,0.0008907140319396782,0.0008669950530460678,0.00037604091691851324,0.0003851583523039403,0.0016806700466455522,0.001832237816410836,0.0026506434875356983,0.0026203913422542476,0.0,0.0,0.0,0.0009241986590933386,0.00023565173783036196,0.00057524849960588,5.486950678150645e-07,1.3447293652177704e-06,0.00023780671691932734,0.00023232545197312328,0.00012508257562147783,0.0001427005204670313,0.00017651491815610712,0.00016000289265445864,0.0008743441630780818,0.0008025447138058688,0.00039573423562571535,0.00040455315805509244,0.00021580774053427611,0.00017600602606384226,0.0005405186572613874,0.0004881964604994778,9.536206570036423e-05,7.962048795156818e-05,5.9443861266034355e-05,8.024025727757799e-05,0.0002128254541368247,0.00018916049181134378,0.000946260175467225,0.0007795194221807439,0.0002573351426159559,0.00022489958813283752,0.0008144681690401539,0.0007740978580843478,0.00151256749744824,0.001194935603213302,0.0008352133952142227,0.0007442806918760356,0.00020029075674308613,0.00015532903451741654,0.00032056869554381143,0.0003137427012539951,0.00011041279924919939,9.098387665414513e-05,0.0019502072499361376,0.002094963243581847,0.000635676024577419,0.0006235535600287953,0.00026235868846177096,0.00048186230009602995,5.178487378454695e-05,5.392848044817501e-05,0.00024002139848931472,0.0002680901358978361,0.0005073666718825195,0.000469270744588824,0.0012537255792168548,0.0013577672588820655,0.00045225551018821273,0.0004849639911692527,0.0005180932321727669,0.0006068226245190348,0.0002812446010187785,0.0001655836622362265,8.032270312929882e-05,7.912865165078655e-05,0.00022192298951985383,0.00026403604630900626,0.0008961583486647238,0.0008954532887143357,0.0002153244334201638,0.0002610708183767169,8.113295287465189e-05,7.396011508697737e-05,7.287978273053512e-05,0.00013393845622133952,0.0010843692844807462,0.001152435902770257,0.00021094340189146878,0.00019444274855589174,3.292739023296016e-05,7.021022509357458e-05,0.0014455186698141018,0.0012173126983866735,7.598715975716072e-05,0.0002581681355699667,3.534960876996598e-05,3.6853544819659854e-05,0.0012351154345707734,0.0015658648389429782,0.0004716247309180013,0.0005679221359450267,0.0008843173347450075,0.0009105296076950388,0.0005000516821755916,0.00046510577697764905,0.000795039248443607,0.0009879041415732652,0.0004920486975136955,0.0006719154884928986,0.0006043037478799697,0.0006676965078379891,0.00028394827426812846,0.0002995420188056518,4.6431543375955054e-05,3.115905692602768e-05,CT
CT018,5.484373116668097e-06,3.2686407383798684e-05,2.5808814896401166e-06,1.6073410112808675e-06,1.4063520152810605e-05,3.114758515451427e-05,0.012178948248110815,6.532999036680375e-05,6.225805597443059e-05,0.005271881507833231,0.005068828380366905,0.007177913751821948,0.007369093115476845,0.12392233246919247,0.12399493688011347,4.225337030787534e-07,0.00015686277900753327,0.0001328040531919559,7.051744781949703e-07,0.0,0.0004329742761407627,0.00045728994827431567,0.0009248520104861257,0.0009277240971613113,0.0004512317254000964,0.00034921553473487237,0.0017616428847226423,0.0020224889161739867,0.0025796138400174806,0.0027231211245432136,0.0,0.0,2.2668361803393464e-06,0.0007049574971006567,0.00030923470872355806,0.0005506070809417943,1.2247767301391677e-06,3.839917684003238e-06,0.0002319966917791626,0.000330906690518779,0.00020184548797529253,0.0002107843598848063,0.00014591401646000542,8.609980481260753e-05,0.0014596911647036576,0.0009380961668187266,0.0003637672508317528,0.0004838381921771794,0.00023688152456481445,0.00033058408069599056,0.0006589841178030953,0.0006055107646575356,0.0001555552082322742,0.0001893579042073681,0.00010540502670178642,0.00010909077687271967,0.00023111736487623638,0.00023108310523844037,0.0008459666922563039,0.0008349922365859709,0.00037200950983668195,0.0003737710183718811,0.0010164219191188184,0.000850988561434337,0.0012223271574774769,0.0011188463735721879,0.0010622896710168164,0.0012526839228887404,0.00018560363378449974,0.0002237116051352355,0.00027347351231838595,0.0003072762078270048,0.00010818290014868317,0.00013404024860082012,0.0021912140391439692,0.002434964590310389,0.0005613445720869395,0.0008215282564278806,0.000317811000441836,0.0004968967659885349,0.00012218646585398878,0.00010191912313067043,0.0003147504871690455,0.00033198871923904063,0.0005564397589838627,0.00040853869165703027,0.0015415627805766775,0.0016867716203562918,0.000507842672239143,0.0007259928195899219,0.000650804660218515,0.0008187760761959995,0.0003247713863993959,0.0002286107129778939,0.00012027364425301169,8.249399357233444e-05,0.0003584084943493395,0.00039128903822065474,0.0013143224495849423,0.0011994960635281948,0.00035546217816964236,0.0003458238425912348,9.823622873051642e-05,9.460186779931213e-05,0.0001500479952088159,0.0001460453451077178,0.0014253888579460515,0.001535598777455973,0.00021085287779351822,0.00022788840836077736,5.222859058165759e-05,6.0290990436922635e-05,0.00180389339915668,0.001927978414776571,0.00010923923443892482,6.0088288424318606e-05,6.566116486580371e-05,8.534038591513431e-05,0.0014881750803062252,0.0013277664459975587,0.00044296091189303455,0.0006706323411664257,0.0007592587821761105,0.001236724706685062,0.0008182593307399945,0.0007440475684421933,0.0014364974920846078,0.0014877354120110156,0.0005448971654826501,0.0005282670380727386,0.0009124672169246236,0.0007807166445085674,0.0003787329350117022,0.0004561822188591662,0.00015903825618448657,0.00022239547057874602,CT
CT027,7.300960010610177e-07,5.891570506666015e-05,1.03126057404551e-05,8.748983620052226e-06,2.304669676031802e-05,2.1327929254427703e-05,0.012839641268418758,4.2789709822682016e-05,5.089985932910334e-05,0.0063341971917263,0.006113595646457962,0.00843031785561664,0.008646554031002961,0.12193971750085188,0.11930321011822387,1.3208653427488122e-05,0.00010700469344040427,0.00011826946614340651,3.0116459494703426e-07,2.92038395800714e-07,0.00013375662914634942,0.00019903025370874246,0.0008473220173513213,0.0008467136041904923,0.00029342253803321796,0.0003820805281579404,0.0019587958223987265,0.0024177554494026125,0.002683823692069854,0.0027909166050423253,0.0,0.0,1.1438170752644674e-06,0.0008857646204114678,0.0003020072480168726,0.00049510547027498,1.4358554710651813e-06,3.2398009512468153e-06,0.0002717751900690045,0.0001510264400322472,0.00013855396747259558,0.00017290498363705398,0.0001509534295721342,0.00012191690372399328,0.0009736803419695664,0.00106500926349375,0.0004821188864392089,0.0005985600685947481,0.00028073407542559815,0.00021974672453983117,0.0007123303166633046,0.0006635081904417428,8.808303934154004e-05,4.526290942143936e-05,9.799105002199027e-05,5.305060011098279e-05,0.00019182055242411222,0.0001787883392340206,0.0005840767881567767,0.0006122311149043767,0.00034416724760166426,0.0003240865654598672,0.0009748180727504901,0.0010187546389174844,0.0014418969780492117,0.0013567251976686929,0.0012566138314125462,0.0010318051090948842,0.0001702796782570747,0.00018839822713160283,0.0004202888806225672,0.0002514967735776929,8.426220327205999e-05,0.00016674175506624378,0.002361577595554914,0.0026045109478397906,0.0006911909942299334,0.0006495785659812817,0.00029031050129809034,0.00042271340771405405,0.00017369591871170675,0.0001679646651507706,0.00036149486022249785,0.00037659263715647545,0.0005490534777030747,0.0004979132956037134,0.0012488474336502995,0.0014673621178491669,0.000669005205157119,0.000584922483038694,0.0007439282597118781,0.0006833455040363861,0.0003264289568977479,0.000266500246049252,6.740915408184371e-05,9.7619917761544e-05,0.0002816832006338624,0.00027705317481426813,0.0011141568944015594,0.0008630799287356946,0.0002849169177471055,0.0002626550741596079,4.757183796728765e-05,5.190982507898196e-05,0.0001348974019011814,0.0001164807310298131,0.0014582237535814293,0.0013586995032934584,0.0002219643899729707,0.0002099208488772292,3.3161568428680065e-05,5.9521075814330096e-05,0.0016621152296288615,0.0016516626880834794,6.713841037034317e-05,0.00012101645246790358,3.577166137296843e-05,4.9701284411643905e-05,0.0015069546188518589,0.001379607627965117,0.0004753594129846574,0.0005584747567104976,0.0006618502631306898,0.0009087869763349149,0.0004979102518034464,0.000713830052349605,0.001217167349885176,0.001387328387877007,0.0004202037039775876,0.0005557368964117583,0.0005266790765959898,0.0004772120324054544,0.00029779702665289585,0.00030691105848154474,7.876518921555999e-05,9.251228837534216e-05,CT
CT032,7.322354938923154e-07,4.608321082064923e-05,3.3099425563778225e-06,5.804305658751092e-07,4.28625660478598e-07,2.887269995513143e-07,0.014599965689181038,6.151968744866503e-05,6.169232842326205e-05,0.0066977758169011374,0.006613771139865498,0.009821730356245987,0.009904154472331474,0.13048919794931158,0.13067338493628758,7.250024203482872e-05,0.00012679580215289025,0.00013179643405920936,4.46485055458308e-07,2.5628242173127562e-06,0.00014845330522987376,0.00017293259260054791,0.0010168756408327317,0.0009685719120933294,0.0005003162651653784,0.0005143954273507982,0.0018332586861005246,0.002135975544421117,0.0030841162803054447,0.0031030948719865054,0.0,0.0,0.0,0.0009525371585905309,0.00031285207436906306,0.0006433373318365085,5.589992873753183e-06,3.67606025808259e-06,0.00019143195459385965,0.0003565778444006318,0.0002432152912588438,0.00022302226037419697,0.0001393301246395302,0.00018077881954770263,0.001366553807153237,0.00123413229645829,0.0006045080157870846,0.0006544667166642621,0.00020743100159539135,0.0001789750209205451,0.0007707492825167503,0.0009191519794214212,6.0983905135549494e-05,0.00013509744680216624,7.588162288367725e-05,6.63982803774504e-05,0.00018689864180461267,0.0001943698250934702,0.000500533553612321,0.0006128632380161961,0.0002879709501999315,0.0003331760726690435,0.000743385696950024,0.0008313462285881518,0.001288228426037078,0.0013082190493293338,0.001285228049275246,0.0013246377960686828,0.00016244912011862883,0.00011669035638818029,0.0003829145090245062,0.0003003802591215761,0.0001314065030202901,0.00010588244120447528,0.0021939144170065555,0.00226182181498455,0.000660913955763661,0.0007284254718991225,0.0003161233211657778,0.00040019645628235637,7.488447284524105e-05,0.00011633912140723446,0.00022966893380183578,0.00028700654384371705,0.0004566738396297495,0.00044267504413077283,0.0014846044566149243,0.001693443370945836,0.0005297485576718046,0.0005960932602884539,0.0006896854528217696,0.0004862400777201099,0.0002549251036184719,0.0002974394095895373,7.955768289293222e-05,4.782450221289518e-05,0.00039040950437250896,0.0003991159628549805,0.0012625525607070397,0.0010377413858176168,0.00030658044864741206,0.000341168157512603,0.00012654577008027764,0.00010048294958816112,0.00020538312186888974,0.00016005298461326485,0.0011519344034980309,0.0012993459083273289,0.0001636040291460757,0.00016215741788692603,5.716496954797401e-05,7.67091085255993e-05,0.0011584679710359026,0.0013509119589431642,0.00012971581343283148,0.00010606996536355548,5.663811703696903e-05,3.313216740241335e-05,0.0016014853131295088,0.0017471138525280217,0.00043416801591047137,0.0005774272085991932,0.0008989500184292846,0.0010595209243828918,0.0006742340937670638,0.0005765312591391587,0.0011750414901086598,0.0012730509130708203,0.0004472113327855506,0.0006349672236942925,0.0005562787000407181,0.0006957100294095474,0.00038647150414603383,0.0002569580988937313,4.709226680948564e-05,0.00012337870271766853,CT
CT039,7.447329679353831e-06,6.377622450416566e-05,4.782424525380152e-06,3.71070043697074e-06,2.7366415922444352e-05,1.550254597186243e-05,0.013031991280603668,4.793660354195394e-05,4.274508003199882e-05,0.005284097927718506,0.005593494865403048,0.008088324250308806,0.008144958529936519,0.12875728723887161,0.12680689643532086,7.202446604703122e-07,0.00019839282992012365,0.0002164882562690142,7.86507157717199e-07,7.922691308961958e-07,0.00027092723057981215,0.0009314578287367254,0.0008842299428491607,0.0008502920164809007,0.00016565627059998963,0.00022600124855735247,0.002256846275922941,0.0023344800029277365,0.0027011421231141297,0.002761020381835139,0.0,0.0,0.0,0.0009107954563034684,0.00030268713681723446,0.0004199746574851265,1.2491923259130907e-05,4.433826119608727e-06,0.0002631082521005515,0.0003149946770112674,0.00015747141103029775,0.00017795228745523032,0.00013166936496649914,0.00013587847464116857,0.0012585382097584285,0.000932846461897336,0.000556884521362474,0.000742287016065406,0.0002105966550019785,0.00023658020165273898,0.0009324805794330399,0.0010338564535462137,0.00012898429330323246,0.00013242418230897252,7.964753486015664e-05,7.256320834710441e-05,0.00021087034770716088,0.0001673387608622795,0.0006865314355932105,0.0006987554283228598,0.0002744737112917835,0.0003029694696660358,0.0009326678396395478,0.0008406925987657343,0.0014574726615667187,0.001554094922875946,0.0013315940688512402,0.0012986760061526258,0.00016546612444510528,0.00013263737409599025,0.0002842834445009605,0.00042772160532525297,0.00012153696309841635,0.00011668539525614355,0.0022409605495746633,0.002252184842182761,0.0005319669345170993,0.000622095468304613,0.00038109584876303606,0.0005292991488883144,8.08200931152064e-05,0.00011227749809520702,0.0002473204899916638,0.00029189499048433524,0.000549486167292009,0.0006211130561661327,0.0015350286059812996,0.001508284481574853,0.000647788034858265,0.0005494227841037038,0.0006626394793004485,0.0007505928745321223,0.0002833010299978998,0.0002386256959625745,9.094961357797192e-05,0.00011088022323101102,0.00028484235420799144,0.00035682072321067054,0.0010469303356256965,0.0010430813476682227,0.00022877851132623004,0.00026342804169135253,7.784116147116519e-05,6.299547858069611e-05,0.00014539434676391077,0.00017410329913650137,0.001420907286014712,0.0015395805560568967,0.0003004831869887932,0.0003313499915214865,6.795652363421799e-05,9.422240560783151e-05,0.0016092714322441279,0.0017115087188324578,8.357142768623737e-05,0.00020663530882203523,5.3174222103883255e-05,7.635457558754627e-05,0.001569485110406396,0.001657277171045886,0.0005086713432228731,0.00046288394984733775,0.000793046976328025,0.0009818634312586526,0.0010351672938646213,0.0005069110641742924,0.0010709375275067539,0.00128511235670871,0.000591358309670941,0.0006535442315208193,0.0006782255756103163,0.0006324958044242019,0.0003239516380476401,0.0002757355810150885,0.00013648636177978563,0.00017502521304981137,CT
CT041,2.439545340349831e-07,2.6108679636229295e-05,0.0,1.2530392052042933e-06,8.006144225558882e-06,4.427220305364529e-06,0.01202468504069506,3.423125677125942e-05,4.5594548055440864e-05,0.006905623705839623,0.006154509884081391,0.00840322440692913,0.008404771301419617,0.11061577504146024,0.11073847585142872,2.9579486909392074e-06,0.0001284919613978687,0.00011204998034921732,1.430460679714356e-06,3.506846376717167e-06,0.00030451347607858255,0.0003583830718705453,0.0008221572557358107,0.0008401017744388264,0.0004488319843826381,0.0004388548000975904,0.001453317539105514,0.0017701839782483719,0.002364687286915904,0.0025369552226608143,0.0,0.0,1.1088842551897731e-06,0.0008312944737079852,0.00032249957450318766,0.000654200116872512,0.0,2.661322170320116e-07,0.00024169518109439016,0.00033478046795332986,0.00010957994092122405,0.00010022373040649548,0.00016036406563398083,0.00013395044324629427,0.001145862746065567,0.0010212130710067983,0.00046890278845352777,0.00036541339518429884,0.00026475165570715337,0.0001796531077907592,0.0006206508232424486,0.0005997372650371681,0.00010158765739465484,8.238455443365537e-05,5.1219363074103584e-05,4.568325861888762e-05,0.00016709776525544986,0.00015476420065616348,0.0006132074350894808,0.0007523613170930807,0.00027410232150091836,0.00026126421342312627,0.0008754918203293273,0.0010715841345882505,0.0013017829588061012,0.0012901923461763956,0.0009148378105192278,0.0008019090394601855,0.00017472411623833123,0.000111836519507807,0.00024010670403357007,0.0002865356866112027,0.00010744256565320119,6.685185841948369e-05,0.0019967345654047204,0.0019906966922832304,0.0006866405199165506,0.0005685277174267801,0.00027251107338844546,0.0004271865613427938,6.792193176103016e-05,7.036147719618452e-05,0.00019376643199831654,0.0002175076431108386,0.0004856413952327606,0.00044640629939892817,0.001246521712236819,0.0012399792951944026,0.0005431398130357137,0.0005427905141492924,0.0007242649623443629,0.0007614874349630872,0.00016433941596429594,0.00015034252547731512,3.178062223126069e-05,0.0001325144383670412,0.00028988174519701095,0.000280151285549606,0.0009368935167759305,0.0009708031954899209,0.00023750637061263087,0.0002885427668908322,4.762657832324661e-05,5.192627702511507e-05,0.0001212537189825932,0.0002130942831305126,0.0014813806239273076,0.0015118111798957334,0.0001779648315883397,0.00023425456753244347,2.1592748472470637e-05,4.138633218006297e-05,0.0012948053081056948,0.0013251000272299666,6.833499148606788e-05,5.1036397357919454e-05,2.9451965674580224e-05,5.310446602351265e-05,0.0016745676599650035,0.0012984673956193988,0.00045587617088136616,0.0004447097058280164,0.000871350138619527,0.000947134060203861,0.0004270008232582274,0.00034950922087315995,0.0012023687145242302,0.0010256791027103626,0.0004709764013818627,0.00041789688513584945,0.0006235560986195406,0.0006734586623029212,0.00029123458260630334,0.000234465255089028,6.21474175296112e-05,8.453301809548877e-05,CT
CT046,6.993070520593531e-07,2.552596131473677e-05,2.315984678301001e-06,3.270952384211376e-06,3.7095859242238797e-07,6.0982583606903186e-06,0.01187016567507588,3.312810573981273e-05,3.7359038859564125e-05,0.0052877113195513225,0.005274514720443159,0.007402014712172334,0.007504747682930457,0.11715502255649728,0.11751404778788865,5.5668852392409245e-06,0.00010924980943074901,8.876688025921533e-05,1.9049224964803162e-07,5.439055050414879e-07,0.00019082310270337704,0.00039393044750371547,0.0007782535544595496,0.0007953627632346744,0.0003374996238578832,0.0004800204073847032,0.001571413138697259,0.001800991381735031,0.002479482124566349,0.0025970409032090983,0.0,0.0,0.0,0.0007384406833976756,0.0002647015074026858,0.0004350316541800105,3.499041803683892e-06,2.3661142317175794e-06,0.0002528884823335308,0.00035441332842281085,0.00017708259503293472,0.0001746538191594556,0.00013689624917781286,0.0001238425176758837,0.0011882830993303515,0.001226760025930113,0.0005253149517728837,0.0007020892471645992,0.00022386849242093568,0.00016426196534199297,0.0008008344097683662,0.0007929490322216896,4.151227093436971e-05,8.160838239901948e-05,0.0001103150619694083,9.012288405911482e-05,0.00020530552354901756,0.0002515224511029015,0.0008834554065996557,0.0007382852785838912,0.00038036037586903923,0.00030469485133134325,0.0010080498653386246,0.0009927753948832062,0.0012015323389687885,0.0013584829088373516,0.0011980257798873963,0.0012248124998248567,0.00020541330150503586,0.0001554141009830702,0.00034871360043179517,0.00028023163820718397,0.00012890810741905527,8.574156233625827e-05,0.0020413950964434245,0.0020265918462873413,0.0011008371306826456,0.0011200091740447783,0.0002824197921537852,0.0005274028436316082,0.00011240295688536913,9.287499519116742e-05,0.00034824739557168726,0.0003645871185276685,0.0005365013563957286,0.0006124100083655626,0.0017377103548486398,0.00170991603302281,0.000494896347299013,0.0005752314372440536,0.0008144546031705064,0.0006881858162502476,0.00035823069240781806,0.00027834676690538437,7.366535624021102e-05,7.030918387615183e-05,0.00034778620381740175,0.00041766928608950047,0.0010918338728245706,0.0010598637587667453,0.00024901848110882774,0.0002652654647167126,0.00011936845693351225,9.378985999341476e-05,0.00023256596571001115,0.00017071363609138355,0.0011020602980833457,0.00136039785804073,0.00024252670551285751,0.0002846655954077776,3.184729587002589e-05,5.4756494971669915e-05,0.0013240263752369236,0.0016966041415048148,6.605819932361712e-05,0.00014002182622665127,6.799570578885846e-05,5.8508690485805464e-05,0.0014679031588659109,0.0016160735403422195,0.0003961862729358961,0.0005084137756128551,0.0009038054910193537,0.0008616014345488579,0.00048256447821571003,0.0004157042072755608,0.001448683491665152,0.0014570150214486403,0.0003711966989770371,0.0005031576943152948,0.0005940726241316886,0.0005920874961897981,0.00042699087198622116,0.00035749629434835733,9.90935649962638e-05,0.00011793224555480397,CT
NT002,2.1037506624351213e-07,7.062838425740453e-05,6.265142191437365e-06,1.389051794051149e-06,2.7210429300705687e-05,8.049007517950016e-06,0.011869660471026361,5.032574942351869e-05,6.606353302199803e-05,0.005750841476192668,0.00591157955239284,0.007865707256012128,0.008376486368337863,0.12085449933708492,0.12232077024426098,2.216142765610918e-06,0.00015150174439797882,0.00010783018710254319,0.0,0.0,0.00046038997346234525,0.0005284074017994677,0.0007642522418565612,0.0007782465052280607,0.0002666460686296633,0.0002519457504338616,0.0017889055941552776,0.00213733280037299,0.00231743976868992,0.002416255526758709,0.0,0.0,0.0,0.001003339181965983,0.00032577586792385837,0.0005420212588075338,8.28531914041728e-06,3.175798855506652e-06,0.00018624821219871503,0.0003984878281695458,0.00011982444785975121,0.00014767752982458007,0.00016457381670863963,0.00016880725446380353,0.0014959626391407247,0.0009748261545785038,0.0007735087533947494,0.0007181368855563125,0.00039181634575226044,0.000275478937426632,0.001087538193993356,0.0008426875620546548,0.0001622510454082926,0.00010544689687717053,0.00011316160994099087,0.00010188204830402702,0.00016180147646996815,0.00012204635424855402,0.000819601060135405,0.0006991800706447985,0.0002916893434925644,0.00023881892091598997,0.0011560599422397366,0.0011728870657111959,0.0010545179563110796,0.001151385584468752,0.001436792495436875,0.0012743339607434703,0.00011985614757377304,0.00019392546031560658,0.00041503829321621135,0.00033628021072712054,0.00013123081038958476,0.00012417892298314688,0.002409244002733568,0.0024558694559367574,0.0006947535481454447,0.0008103704935195788,0.0002817786614338739,0.0005488858224703427,0.00012231436553576612,9.070911539890726e-05,0.00043258588038379525,0.00041343310384966996,0.00047983957754901737,0.0004315051862357899,0.001343423430686973,0.0013061784001915508,0.0006247879930878909,0.0007819698617120409,0.0008046298475541181,0.0007801571775085131,0.0003014098243105044,0.00018243552298822396,6.322779213978376e-05,0.00014933747424109503,0.000267138862787273,0.00035441569429335503,0.001214578794661326,0.001380259239758176,0.0002949660074402976,0.0003106519182329418,7.77926631811695e-05,5.962259783198186e-05,0.00011005209373225576,0.00017368046265537785,0.0019941912993095804,0.0018130266764023774,0.00016692540603734262,0.00020648744585796157,5.7818559758594885e-05,6.608082426388881e-05,0.0022136903027088705,0.0018850325903103553,0.00011910398558718417,0.00011483596547964404,4.976955202711125e-05,4.712401364494846e-05,0.0013502073121609652,0.0016080320321879586,0.0004472429697357152,0.0005369953109055996,0.0012590082744785174,0.0009679904052154252,0.0006915431668499583,0.0005779262250920812,0.0013532447766245155,0.001605876403222566,0.0006805834935548135,0.000505600435878786,0.0006931137782223997,0.0006903010919096062,0.00024434054622163786,0.00036591139349185863,0.00011187918690068468,8.981286035772072e-05,NT
NT005,2.015219879284347e-06,5.867446959305558e-05,4.127807621623909e-06,7.574040112169657e-06,5.824369040000276e-06,1.0365252500339959e-05,0.012706489231931559,6.0114333665664984e-05,6.0615925788367674e-05,0.006738204808355748,0.007041281490324326,0.00906564198744645,0.00917374982726374,0.12281363690860918,0.12331305440363927,1.4251115622863617e-06,0.00015564991814960463,0.00015035369562195678,0.0,5.20475535480108e-06,0.00027611463065762404,0.0003552068475871688,0.0008202151285133651,0.00083675586404293,0.0003836441642516618,0.0004892322443943912,0.0019299787212256649,0.0021768357759477082,0.002377115558922408,0.002466974298112991,0.0,0.0,0.0,0.0008994607845976017,0.0003620432481576551,0.0005423272388807201,3.5524520672067224e-06,5.452600824396176e-06,0.0002706325208885721,0.00025179036318618463,0.00019845047412752898,0.0002197061755477149,0.00015327473096425192,0.00012082172502364122,0.0011939543266744298,0.0011377081541839892,0.00057266765539447,0.000601255452416514,0.00019775709595673844,0.00024027439975639358,0.0006231632219627041,0.0005261376151401316,0.0001136666625615414,0.00010579166701206286,8.286300869453299e-05,6.637243217655357e-05,0.0001911449317829637,0.00018245263634813954,0.0007923620239672515,0.0007170376500215888,0.00032016030956130833,0.00030957966750087915,0.0007137330419664878,0.0009004167538280392,0.0014537200015833733,0.0013519263197096906,0.0012203056174684786,0.0010750976660276737,0.0002194553772048322,0.0001524810355775158,0.0004268105838800223,0.00022999176215472182,8.709408493668929e-05,0.00011107903692918845,0.0018703600703372496,0.002095793241355279,0.0005094523003398299,0.0005944455997106099,0.00032399306466691154,0.0004962987871025584,0.00010494191016333448,0.00013938948240711424,0.00022872893026329105,0.00032955778569090845,0.0004519934571782005,0.0004660999948644902,0.0012169862562920301,0.0016362021431651763,0.0005756949098537565,0.0005715346452014811,0.00042861336499838557,0.000585210404849498,0.00037717952450142287,0.00039255774635332184,9.298336544814626e-05,0.00015505095685210637,0.00029658253359181005,0.0003381468120791648,0.001191124759816722,0.0010504311375138758,0.0003011883294765802,0.00028583076104944183,9.329022257348317e-05,0.00010138060718974683,0.0001445588315913911,0.0001612323418608569,0.0012411747979244937,0.0013745156705756826,0.00022959343843953386,0.0002957121235593674,3.946054271648444e-05,6.777393919538463e-05,0.0014030031525736207,0.0014656342961391249,9.65889280884854e-05,8.545948525568975e-05,5.0176909340586265e-05,7.563123098130797e-05,0.0015199124523996353,0.0017744438657559286,0.0004277193505121793,0.0005896627729283728,0.000932256047536038,0.0010012987191561015,0.000559626259890279,0.0003869251636080614,0.0012206242717699364,0.0014915488933102726,0.0005432271509039129,0.0006488771903525347,0.0006514736679227226,0.0007200029463199528,0.000403598673059091,0.00038172040786085945,9.573032016520424e-05,0.00018519664049025848,NT
NT015,2.767876510142664e-07,3.469071889488425e-05,1.1771428895988783e-06,9.098996274210789e-07,4.64494218262611e-06,1.123376080794664e-05,0.013779891960669087,6.95246031145806e-05,7.253108924892352e-05,0.006776086138919872,0.006896822822449071,0.00880425862893763,0.009274084975804663,0.12430251217006208,0.12358113994302071,2.63107340603417e-06,0.00014250428006531139,0.00018152815748805924,2.9905792709354066e-06,0.0,0.0008462798206172998,0.0011305120977044634,0.0008687473359650846,0.000882911226134455,0.00035205480249042695,0.000426946542090548,0.0018468162705090993,0.0020011587830658325,0.0027401976830734,0.0028324761370390936,0.0,0.0,4.517683588243348e-07,0.00098184214464569,0.00035056587327441275,0.0006140136314848819,6.343845607790797e-06,1.9597838259257832e-06,0.00018192265930835303,0.0003389344294572425,0.00015041022731185138,0.00016872275236915453,0.00016108722979132285,0.000171455631219366,0.0013473004577276922,0.0010417587114441114,0.0005517077771000745,0.0005644336443659305,0.0002856130381063843,0.0002905538573825885,0.000999305212066081,0.0008427770257799036,5.3938595375854145e-05,0.00013275626457652956,6.273217085671912e-05,9.130810940335423e-05,0.00015781986313532955,0.00016246162334324562,0.0006462864303771395,0.0006296473568278661,0.00035035907604724566,0.00023060546944004043,0.00084283747264905,0.00128669032394107,0.001489028458176755,0.0013749728581906298,0.0013835819137730865,0.0011431711614111532,0.00017485343758613832,0.00015823027200036473,0.0002811876177373996,0.00032439830397070364,0.00011819150695103999,8.705448774329174e-05,0.002713231583450544,0.0023642246331646256,0.0006465218566726699,0.000656222151269006,0.000316206027138365,0.0005489812559795304,7.462449525598436e-05,9.66847891232387e-05,0.00019596565493551667,0.00020369980259064285,0.0006196511886437405,0.00036278907060175944,0.0013969727048623367,0.0015868013087334879,0.0004695050246382076,0.0007000309569203127,0.00043847299206356647,0.0006204242826162896,0.00018620809506998727,0.0002785660879465106,7.015771492174242e-05,4.444509734179421e-05,0.00029984055957970793,0.0003932229852453359,0.0013025785746751562,0.001131329738875663,0.00028495129368880367,0.00041882425201911184,9.594350781367913e-05,7.882085080062873e-05,0.00012890350735639904,0.0001825048672087114,0.0016139105919837904,0.0015853951036428457,0.00017349495207024892,0.000256178103766598,0.000110336464675129,8.51583338129592e-05,0.0014494287417776623,0.0014581427805962378,9.125084292526832e-05,0.00010917522945889573,3.61541937518003e-05,4.26380237372519e-05,0.0016151481803160425,0.0014816824516988242,0.00047940256918362084,0.0004673034497331953,0.0010348835591832016,0.0011309956838398932,0.0006387177182552066,0.0005571544438407732,0.001322901785355671,0.0014096285809487876,0.0005606222452735405,0.000604361055399473,0.0007686138460520329,0.0007409064486665885,0.000311946040779369,0.0002958414546369428,5.780725979788215e-05,8.078063480788841e-05,NT
NT016,5.844030390193928e-07,3.837207174734353e-05,7.242123789552497e-07,6.291420243988863e-07,8.416522262013599e-07,7.865673477966234e-06,0.012489942722544127,5.2364190598835965e-05,5.209296029809893e-05,0.006326311120250572,0.00638978456818094,0.008330013718182455,0.008501473097762616,0.11101496176607252,0.1087418492707327,9.758692035897196e-07,8.483630792145042e-05,0.00010418032811677601,3.802814182254534e-07,0.0,0.0003071191811149486,0.0003657971611901522,0.0007822919691643174,0.0007878060495081191,0.0003952857455579386,0.00039857965350259674,0.0016710431759380802,0.001907449582218285,0.0024850690477463723,0.0025436407704602184,0.0,0.0,0.0,0.0011017702994501697,0.00039094046977280946,0.0005624501807022278,5.927915987780478e-07,5.340716804674625e-07,0.0002757319809099931,0.00017879377764526354,8.806031156535727e-05,0.00012454216129197907,0.0001578139866395096,0.0001440092123052312,0.0014416607789565826,0.0008268771729541759,0.0006560189771118259,0.0006188185071616101,0.00020891989324267252,0.00023508940637182365,0.0009528174273161406,0.0005866316013435996,7.411572781676845e-05,0.00017644777674880328,0.00012660854225482468,9.167857723104753e-05,0.0001363756229992297,0.00012694408454954644,0.0008748289799724658,0.0006717391384182936,0.00029685996678733374,0.0002969829991777513,0.0010544532217401051,0.0009161398416172501,0.0015033222920052079,0.0014446051652593603,0.0012442891429980789,0.001023868534751288,0.00017774800241702606,0.00010840816213951373,0.00036503939059843494,0.000264832444715044,0.00010944275121891426,8.015828732708461e-05,0.0019680988670049368,0.0018760344172681085,0.0004617846562449697,0.0005621789464702631,0.0002544641836633531,0.00045014133442871143,7.870426979225396e-05,5.722675894477039e-05,0.00022352437722748269,0.00020392870032439692,0.0003805778016467878,0.0003957694842197073,0.0013988399762789921,0.0017891149494368057,0.0005971061177830651,0.0007433494819594417,0.0006163858242737907,0.0007018261063197516,0.00025940224983336097,0.0002725219578590192,7.073793347499707e-05,4.438666942898479e-05,0.0002907223386118266,0.000346268588674534,0.0009805416192522345,0.00126896548885646,0.00029292293740736824,0.0003301038327552379,7.034367172946208e-05,6.5349681976479e-05,0.00013173674914457022,0.0001267819060887937,0.0012967484051520895,0.0014828849652134075,0.00017556697719852394,0.00023877757641529605,3.352907605407885e-05,0.00010643685082997845,0.0013147586446114123,0.0012698658674715603,9.762326982834823e-05,0.00012148592836512305,4.0779588562764095e-05,4.830412712315007e-05,0.0010311302305082016,0.0015033586422820795,0.00030904575053318343,0.0004130275484354685,0.0009447895718021294,0.0013741356639116501,0.000815432377442431,0.0005629618779175339,0.0015046057407132876,0.0016874931339057838,0.000495014540897445,0.0006911251013699127,0.0007081846377299195,0.0006591199496615577,0.0003389341894101438,0.000278198217064665,0.00014282642598488238,0.00015669271623280868,NT
NT017,0.0,1.5480990255290373e-05,5.779153979035239e-06,5.268978458343422e-06,5.781988222146788e-06,1.601950860557999e-05,0.011448180625401358,3.979085004898212e-05,5.282583252839605e-05,0.006004178121752891,0.005917269741034658,0.007915816673061968,0.008109618145202844,0.11698909156871592,0.11810989312118701,1.2258381913606043e-05,0.00014239279739783459,0.00013116893854890431,2.618900628198285e-06,3.2311110279398085e-07,0.00018171315395751583,0.00013211559835395534,0.0007687975208584745,0.000789164855976872,0.00022951092259609977,0.0003342669448431118,0.001549187376660888,0.0018706857594063817,0.00218245961084886,0.0024041279965725227,0.0,0.0,0.0,0.000773040486813808,0.0002972282058070822,0.000501800052051043,1.2102494869971736e-06,3.4266783259493806e-06,0.00013663631831681834,0.00029872755570570046,0.0001293351413235465,0.0001764668486632549,0.0001762032560519253,0.0001499462276983298,0.0013261273323740223,0.0012564600432906337,0.0005123691859273563,0.0005094498470696622,0.0002506860351645433,0.00026926492408137746,0.0006115529579973029,0.0005542574216828106,8.608643552050249e-05,9.18174064081299e-05,0.0001532453620471781,7.909986650220768e-05,0.00018094505364937526,0.0001962899966705101,0.0007632677907576481,0.0008063209283580201,0.00028157715615100183,0.0002795959752306074,0.0007830966080157819,0.0008097787830781819,0.0014692145349450001,0.0013311553965061548,0.0010260591575338665,0.0010765296768812786,0.00022908010543020005,0.0001864634508972009,0.0002675530014799293,0.0003097388415394768,0.00014076873857834615,0.00017493348637183658,0.0021916286089731975,0.001993907288923606,0.0007254071035191161,0.0006445613048874249,0.0004345702656717665,0.0005065475150060915,5.8080638640353566e-05,6.329859940877446e-05,0.00018790894836737457,0.0002333854196479534,0.000441222387239469,0.00043470914679363045,0.0015786670044387796,0.0015401430917437978,0.0006417298330264733,0.0005974579429082154,0.0005586449284123092,0.0006874217090882654,0.0004162266228426255,0.0002952470242728097,6.196930899710463e-05,0.00011600822386630621,0.0002702966119444302,0.00032653211531538537,0.0009021630523570566,0.001274642130309903,0.00023220067923208316,0.0002782270054153759,6.239445572744886e-05,8.040081392273286e-05,0.00012030786972707398,0.00013948763186119248,0.0011532402211914168,0.0012241205953834474,0.00014905058663864092,0.00020403332686515596,5.97953949571934e-05,5.957998774200714e-05,0.0011815747997391528,0.0010555898115528959,9.638631059861379e-05,5.9591325048316895e-05,4.401680256253802e-05,5.1958533205171076e-05,0.0012188941291070856,0.0012335871817810427,0.0003949693154792406,0.0004807779877759642,0.0009997369341144696,0.0010289218043027994,0.0003733718880757497,0.00041907226878389953,0.0012520668676979693,0.001269676423015637,0.0007245964925959988,0.000584244399483354,0.00048790627342468505,0.0005925999394800178,0.00038729684285938474,0.00033824914384939544,6.854490370682965e-05,9.693333231365579e-05,NT
NT020,3.3717810025795604e-07,2.2574877161421024e-05,1.3853203112910503e-05,7.706928033786381e-06,1.478124591929904e-05,1.290910459813517e-05,0.01222603927658454,3.3020975982402344e-05,4.033934639961016e-05,0.006358206006730636,0.0067142243413625515,0.008276816713337878,0.008547082621218248,0.11770649736235164,0.11618956842618869,0.0,0.0001513672786974957,0.00011815041857756464,0.0,0.0,0.0001533421806192554,0.00031257052760777667,0.0008439214559244337,0.0008751152455728635,0.000284385647037198,0.00037165055153595846,0.0015525799211879043,0.0018266768132030335,0.002518832782919347,0.0026000605910291128,0.0,0.0,0.0,0.0008060419135722982,0.00035595410545638843,0.0006308088518225997,3.5194971852131967e-06,7.347271468350045e-06,0.0001532008852838033,0.0003602796181266713,0.00014358970470731115,0.0001858782612632948,0.0001564442161045555,0.00013566762325285684,0.0014663361769558785,0.0010766160967218194,0.0005014480627003044,0.000615510596985363,0.00026710607043463303,0.00024192368331412136,0.0006744043700692667,0.0006225720687593954,8.247376423580423e-05,0.00014174004094837905,9.068485328540734e-05,5.335442092070311e-05,0.00022537947685032683,0.0001423309050810165,0.0007062371941876658,0.0009192663172034043,0.0003605814715038468,0.00034335327636381846,0.0008073135534043143,0.0009790431762731577,0.0012608662661451502,0.0013872149299304062,0.001261190603222154,0.0011604257290896746,0.0002033472956043056,0.00014422231358657885,0.00029781817818217994,0.00035854877089025645,0.0001533389669163822,0.00018978310275877773,0.0019294583298216739,0.002118862505975353,0.0006686305943603223,0.0008032417264064525,0.0003443037984407161,0.0005433641145172367,0.00010412702045078268,0.00015978709592177103,0.00033670926340393053,0.0003040543674026631,0.000664745021159618,0.0004500621193278069,0.0014715768902684107,0.001454888180367,0.0004724635887120358,0.0005466427706101604,0.0005513761085389945,0.0005472111570463444,0.0002012600038275552,0.0002214778450981742,0.00012534355056960232,0.00015273846852653753,0.0002530537712079009,0.00031378436455048046,0.001133091826138667,0.001223227558158962,0.00032318039364031864,0.00027234678131897076,9.644257140685988e-05,6.73424954591869e-05,0.00016587878114334714,0.00012356132458559167,0.0016214445291380668,0.0014213887344935632,0.00024933196676840897,0.0003021565363355409,5.416043722940641e-05,0.000105934937242324,0.0013138481924178404,0.001539645127350193,0.00017361460991102424,0.00013541714863547907,5.874284789005863e-05,4.865640593346217e-05,0.0015610190047241363,0.001737709960649047,0.000508008584104797,0.0004880187397429002,0.0009584110888113921,0.0012139214416791344,0.0003671708960216165,0.0005790600348109954,0.0009862748463311927,0.0013186489596168152,0.0005617033929545021,0.0006934533280269029,0.0006560297697275764,0.0005288654593176498,0.00041303996152301423,0.00024066809556650377,0.00015551617449396108,0.00012300257238221098,NT
NT026,0.0,3.44253294157575e-05,1.7431315119648727e-06,3.3344223119529544e-06,1.800527303399955e-05,1.706689741090443e-05,0.011425276360506395,4.045340607357149e-05,4.888056639603271e-05,0.006298301598110079,0.0064770636829694665,0.007581379887990836,0.00789869662802751,0.11686853572529415,0.11743746772429575,3.036814470321341e-06,0.0001360614365774283,0.00011211311716505434,2.1561383408559503e-07,0.0,0.0003816547011992082,0.0004994223645800675,0.0007879622458049967,0.0007917886320626995,0.00033598708256367643,0.0003412073663770251,0.0017608756156625004,0.0018585729697012908,0.0023944917437469402,0.0023760400590889645,0.0,0.0,0.0,0.000839824969950554,0.00030055352880390464,0.0005743527239786399,4.546111331999058e-06,5.363014385512747e-06,0.00023323949980080035,0.00021809794306779337,0.00014033119803287585,0.0001564779407407402,0.00016304049557386348,0.00011207971190839829,0.0014789407874837392,0.0009117002903065695,0.0005293775006311843,0.0005930655725322193,0.00018691289467640614,0.00022812246683788333,0.0008696647053296772,0.0006868211439036328,0.00015238735086385425,9.488223210831471e-05,6.14469042269601e-05,6.70194590834827e-05,0.00019164728802968537,0.0001584123903266326,0.0006892475580079117,0.0006653842691288414,0.00026544187904691235,0.00029138842120190534,0.0008738798021555968,0.0009907273123508308,0.0015198132747993517,0.0013808364989636775,0.0011954906052698284,0.0009917537595563832,0.0001982462851529505,0.00015324676892438605,0.00030816985889358197,0.0002861347335368075,0.00011214652208707142,0.00014434586566133218,0.0019785696563552374,0.0019697021579911217,0.0007405302423903476,0.000797740790741616,0.000245201511217264,0.0005774563440176936,0.0001208712893395615,0.00012503476198506483,0.0003222333477024027,0.0002827365382181385,0.00048779136295011935,0.0005546103909436974,0.001411733050544655,0.001495038943171605,0.0004924771669755449,0.0004620573954032639,0.0006220367798465844,0.0005991513466642897,0.00020629384428397278,0.00017947877272566588,9.63520498425325e-05,0.00010012984683729,0.000203250956462115,0.00030019518480441435,0.0009411604308985513,0.0009403951523139361,0.0002607985907208615,0.00026279985122394065,0.00010268988229129278,4.636304692988648e-05,9.35399598221045e-05,0.000220612424334987,0.0010051855922611616,0.0011230777659201356,0.00016673629958807048,0.0001232278579856513,4.1510217405851406e-05,8.76849815067084e-05,0.0013080683548000551,0.0013585159169917406,0.0001376861315147627,0.00016130647487387403,2.281862405369559e-05,6.484206266215391e-05,0.0014860408655223757,0.001685362182419933,0.0005217824253332863,0.000598641162968279,0.000897056771639653,0.0010850234375338666,0.0004754102672048586,0.0004847150663636658,0.0014234642606402097,0.0014473609558029316,0.0006156685824633474,0.0006188238331621209,0.0006447400064592834,0.0005129999583679202,0.0003981354874441501,0.00032853473696095765,8.485770706890443e-05,0.00021130155168040243,NT
NT027,3.3025811420042326e-06,6.0739266693543804e-05,1.4170049185058385e-06,3.867124947313656e-07,3.99697000773328e-06,1.8460581938088206e-06,0.011755873308179673,4.8039853658714604e-05,5.645437881482135e-05,0.0061478197160757765,0.006372169414200471,0.007965882040082698,0.008165044617885423,0.12115357269973573,0.11970936527607012,4.744990528853042e-06,0.00013383639531885076,0.00012932286773451499,6.480962682449903e-06,3.66388913621536e-06,0.000596149770751212,0.000986548725642675,0.000777805838252591,0.0007686574053108279,0.0003678595559658893,0.00038043194543090466,0.0016816037481004668,0.001878784773626468,0.0022233484065302,0.0023733618017700692,0.0,0.0,0.0,0.0008990021037323682,0.0003603849932746956,0.00047504383760605133,1.6145952063885365e-06,6.447090015089584e-06,0.0002578017424583191,0.0002363857743688305,0.00013363316049452205,0.00015379301912506172,0.00022020312488098634,0.00019783590060944031,0.0013413165050481122,0.001260662957447266,0.0005207549475932499,0.0008242536835814668,0.00022180360739481456,0.0002652819475729849,0.0007166205874148368,0.0009318190309167794,0.00012215316190261524,0.00010215419821679618,0.00012611061319421055,7.94087292848604e-05,0.0001696256484903021,0.00018284444060306525,0.0006090072500538994,0.0006688573597708856,0.00023772374149038468,0.00034757831551864807,0.0008223483441868929,0.000969649106665668,0.0014379325280935655,0.0013560256954149672,0.0011361161369582116,0.0013068652248759297,0.00019660237193481152,0.00021430646557106712,0.00033281831941138257,0.0003067561560227883,0.00011682104510018892,0.00014041897533838472,0.0020097278758428342,0.0022424102413189134,0.0007049006552982775,0.00060280009041009,0.00035184062191051334,0.0006347871417007252,0.00010745808584790986,0.0001105659001286361,0.00033307800912464304,0.0002558879388332578,0.0004813921294632621,0.0005089362202683947,0.0013849613862090553,0.0014892608501051922,0.0006588254182341944,0.0007251903628076061,0.0006797502300513254,0.0007273694989340756,0.0003760369681172684,0.00017105676669128486,0.0001548712953856995,0.000168425991807311,0.0003229021079365131,0.00035217652576887993,0.000992770001926123,0.0012760241953951679,0.0002841151285195382,0.00022333069917941555,8.41170245134544e-05,6.723716503931412e-05,9.926373384480269e-05,0.00025597544230867414,0.0014878043297740812,0.0018063537992468934,0.00023116656600354822,0.00035998981119732433,3.449080272814143e-05,4.836446622395762e-05,0.0015858288891636213,0.0019870868481197063,8.55312061126131e-05,0.00022078460539537743,3.707923594130593e-05,6.206594381442803e-05,0.001486624431628639,0.0013411019813546808,0.0005504781745463036,0.0004916131939683307,0.0010289036221245787,0.0011777286533796543,0.0005667906658553889,0.0005212686784933435,0.0014336081219116466,0.0014808971321911021,0.00045425451043048663,0.000606108319091752,0.0006870667208060987,0.0006555821141849905,0.0003075267569528267,0.00032376021409026605,0.00014959563493090777,8.53195024349959e-05,NT
NT033,2.0257862254087896e-06,5.165142936228211e-05,2.5184623617642277e-06,1.9492837305968484e-06,1.3623565392375082e-05,3.9215181945211965e-05,0.011748014573501418,0.00010893344216830675,9.972254065342893e-05,0.006102573894275162,0.006385825934898668,0.007649800126841075,0.008068189239553464,0.1299418335222933,0.12645459561634534,1.3586844357653936e-06,0.00013965684554987962,0.00020460134899788634,2.2124523592609506e-06,3.2437060125814313e-07,0.0002399608076929162,0.0005653075813662475,0.0008133470389388067,0.0008495112993938512,0.00048387831909199385,0.0005466685129081813,0.002166645676700544,0.0024095074525258826,0.002329133909677322,0.00238788476907852,0.0,0.0,0.0,0.0007616956187421031,0.00036722118376260646,0.0006915030455569558,1.9921251276915356e-05,2.0453708757084024e-05,0.00018973232306555325,0.0004360642543927407,0.00020251742084735107,0.0002172946439545123,0.0002672140543807955,0.0001372822077039455,0.001666928282972196,0.0014635387345211873,0.00080921590978575,0.0008051092566840017,0.00026951525058751435,0.00025790217115414073,0.0009965735936623634,0.0007794503174008536,0.00018503200927268634,0.00023942834624186886,0.00011983045745955313,0.00010394241798818946,0.00030021111289653857,0.00021193334803671013,0.001030458078495866,0.001157602174779204,0.00044849131820815067,0.0003420457396245848,0.00122345858829676,0.0011647597491472852,0.0013804386596090541,0.0012807253019526418,0.001757911178531101,0.0014414968335473945,0.00026059199769732527,0.00026927350158764403,0.0003222040526282985,0.0004250081127378821,0.0001502600920168523,0.00011389386362959137,0.0026432929748608867,0.0031728157456551104,0.0009127390927361087,0.0007973763828572694,0.0004077001870093199,0.0005157461974936576,0.00016361130823700298,0.00016340934216232071,0.00033801559068041766,0.00036711102031542425,0.0006534445792461182,0.0005384674423364747,0.001624836605983699,0.0018770469896168796,0.0007978965998336183,0.000662903347210487,0.0006521929972042665,0.0006979935142168397,0.00029725199659488453,0.00032076274534697537,5.4084207999636475e-05,9.703577216355184e-05,0.00030551426659270646,0.00037534880966606717,0.001126049488667767,0.0012089567769615831,0.0003472938132860932,0.0004158094520000763,0.00014749682188098948,9.652779574916138e-05,8.403646738465282e-05,0.00023366005784235464,0.0017487859606010996,0.0020343361345023544,0.00024331467323994004,0.00032514174851047136,5.8077638868346395e-05,9.654615638279953e-05,0.0019594983321752192,0.001919310041112244,0.00017072298170121259,0.00024666548287897733,4.9240069493267575e-05,7.49755106317011e-05,0.0016697374589479132,0.001838431593765792,0.0005179066303540924,0.0005345719340622947,0.0010556702440988356,0.0015447813309755383,0.0007729384233680643,0.0007220061188349035,0.0015251599691643363,0.0019242673939622187,0.0005398567277469094,0.0007997724423901101,0.0007662398664804499,0.0008640345438460189,0.00034092574337960414,0.0004027275231954023,0.00011577582517638147,0.00016340628242298867,NT
NT036,3.574001435503578e-06,4.096545155559322e-05,1.0321469821833684e-06,2.548016559418399e-06,1.6110735948915263e-05,3.1284836922120854e-05,0.013084530023873856,6.488353210461036e-05,7.014902223383106e-05,0.006374860104970442,0.006435399382890438,0.008750748291877782,0.00878734791786181,0.1253148748578107,0.12530696892123985,2.261480212192702e-06,0.00015262834813410176,0.00012964690283006236,5.290138477515971e-06,1.5959765584630527e-06,0.0004642781974831067,0.000531589585242123,0.0008180211400378396,0.000860277543689304,0.00043160072886181566,0.0003985597028412135,0.0016979957608125261,0.002092753461166752,0.002624013343264355,0.00283061527122593,0.0,0.0,1.9657008053318327e-06,0.0009168053163071606,0.00032809641369393533,0.0006787829839888171,6.408554283611136e-07,3.4507599808562927e-07,0.00020765872738961176,0.00016648068465460535,0.00011808377652602218,0.00013754359808566108,0.00012549674669291275,0.0001494271512258338,0.001190693980354582,0.0011086922142818018,0.0005325169712167391,0.0006881986244951922,0.0002636688758893728,0.00016507573276469892,0.0006016523325291205,0.0006910270155532989,0.00012690786224598926,0.00012583566112343633,8.961500522054434e-05,8.389660328432369e-05,0.0001429477336177025,0.0001954146901997688,0.0006863931355684157,0.0005593497110272873,0.0003167920923748025,0.00027645517221683725,0.0006632730433454594,0.0007575743034497971,0.0010544967967557703,0.0013007054406002322,0.0009777327943142789,0.0011837739762053047,0.00018685865423946477,0.00022251548034363827,0.0003103866199344837,0.0002558091532352413,6.65010753612469e-05,0.00015479123467799168,0.0017721809296431382,0.0018360785304032529,0.0005160549952202268,0.0004968200904687817,0.0003085934575730724,0.000531897681327528,0.00015223397414576817,7.068512187023025e-05,0.00031816007285738706,0.0002289579275512761,0.0005351266079005547,0.0003959839545975258,0.001100792439278519,0.0012680433818451585,0.0004758690474987398,0.0005497368785716276,0.0006031189015580609,0.0005821771026661898,0.00021370063776525748,0.0002996954246950505,7.020139906444706e-05,8.648159189496586e-05,0.0002624148941998488,0.000264984477469148,0.0009747873242705496,0.000994666164947308,0.0002938969174107712,0.0003316488476819977,7.452717375612804e-05,5.802822723034211e-05,8.033492589711418e-05,0.00010963249458987667,0.0012767565544787689,0.001411370084595705,0.0001604110444502986,0.00015774286748342835,6.48095868548467e-05,8.32434238193758e-05,0.0014088374769776263,0.001292602325203994,7.017983197993244e-05,0.00012097070627498957,2.392116157865162e-05,3.9298610765293676e-05,0.0011034883479062437,0.0012678461980324524,0.00047276644480901797,0.00043673989499651197,0.0007028643523416381,0.0009444237139271883,0.0005335244681589212,0.000614993213944938,0.0011277884731270122,0.001437260023156644,0.0004320382351108874,0.0005080874396020567,0.0006116533736884817,0.0006385292479373273,0.00023411558050182753,0.00020298787686960114,0.00013216102804594054,0.00013880990305079692,NT
NT040,4.123755325029263e-06,8.973836143944254e-05,3.0097400780345294e-06,6.690421257951497e-06,9.997654096875858e-06,1.2402914379989886e-05,0.013317049018592611,6.704029976876337e-05,7.205336811567524e-05,0.00605667627699071,0.005729136802490858,0.00873987051080034,0.009066267481527602,0.12674103645779283,0.12584302623385224,1.9590211477921142e-06,0.0001326595962042565,0.00011828500133495723,1.4020135603717144e-06,0.0,0.00039434241811353175,0.0005504627967917305,0.0009141349583709202,0.0008700965435432741,0.0002920682193675084,0.0003355432979020345,0.0018601238160710174,0.0021075586287636044,0.0026090901713920907,0.00260572280683579,0.0,0.0,4.937113187707042e-07,0.0009842103304175895,0.00030356915949005767,0.0005370661259756342,2.9685974721455228e-06,1.5064524589617282e-06,0.0003138896242672287,0.0004225978903762238,0.0001359351813898822,0.00014103053533339306,0.00019355698615935847,0.0001559399826121194,0.001293647049878256,0.0010520703089981827,0.0007233820099389335,0.000631665640380778,0.0002970464729483838,0.0003040533755736351,0.0008745462843457303,0.000598362280874325,5.3950619997254e-05,0.0001009259852149658,7.925648933488438e-05,9.332093209576373e-05,0.00022852820436383863,0.00019593692812622053,0.0008574752660220124,0.0008360336377841636,0.0002837542446385743,0.000358478715517349,0.000744374232403736,0.0008807176727998988,0.0014986005394201792,0.0014956477647885792,0.0014003013544650793,0.0014973092941315208,0.0002431591487988816,0.0001963008822602134,0.00045644876280010984,0.00025967948941939284,0.00011662980223098619,0.0001644659969837342,0.002219029773981922,0.0022926117497706292,0.0004236422792538931,0.0005866904378043742,0.0004184931244392722,0.0005326480402763704,0.00019350951312810096,8.040215263202436e-05,0.0004096949347631851,0.00026705984081856033,0.0005409461887013701,0.00042435752984591485,0.001300467230293193,0.0014727598154844522,0.0004414032270934926,0.0005904723938727625,0.0005678914303339596,0.0006135280780194363,0.0004080429005712569,0.0002550683523952424,0.00010734423152921473,0.00017313442808006738,0.00026808840607401636,0.00039625079762013434,0.0010958492126971874,0.0012666638283390997,0.0002517769435813907,0.00030743972944585957,5.4023410929878335e-05,6.786315167008171e-05,0.00012106054498087992,0.00017294453988742672,0.0014119953503199177,0.0017055985019533838,0.00023943416049787938,0.0003733406940339256,5.382086262006568e-05,8.687103688957365e-05,0.0014724623288265826,0.0015953141599443486,6.925250597912861e-05,0.00010383128637035902,5.1659292801691226e-05,6.160947457682326e-05,0.0015132188267564896,0.0013109744202329768,0.0005273279832779771,0.0004743141507408649,0.0010173554442196816,0.001223185585584006,0.000600121915978703,0.0004509419822685801,0.001635263624231708,0.0016953824704768598,0.0004891254910736281,0.0005822755215748765,0.0005543555147281709,0.0005436077991815747,0.00041533147205859475,0.000205554804094095,0.00010606248194475051,0.00011550945789347072,NT
NT044,2.620427490440681e-07,4.7332576985167374e-05,5.329184103633765e-07,6.536347476013395e-07,2.2185305049441767e-05,3.5693756057953655e-05,0.011891078910850351,5.212884290778647e-05,4.64404537683568e-05,0.006428167827514366,0.006307042245446459,0.00727827267434085,0.007726507102043147,0.110784492996921,0.11006597178504578,1.5222034104774008e-06,0.00016059393192198384,0.0001852612824343307,1.0982241303081184e-06,0.0,0.0001911469414433356,0.00031817584708477865,0.000768173905356472,0.0008052279258996012,0.00039029943175169346,0.00049746019702266,0.0019245067490285361,0.0021591145063382822,0.0025598838397987113,0.0025536772558372445,0.0,0.0,3.7392616841292e-07,0.0010054786499317557,0.0003336540320598634,0.0007298067312009028,1.7606917510276022e-06,1.6576412383401194e-06,0.00024394708207039974,0.00027305149336888016,0.00015116628205497686,0.00015575939094492059,0.00014519229473992476,9.278374445003825e-05,0.00119046021676659,0.0010292008759554025,0.00045813611858697823,0.0005628825531051772,0.00022089026387312163,0.00018542027464271793,0.0005266735454794952,0.0005911242828367553,8.769893753381e-05,0.0001168534021733955,6.761586336273319e-05,7.059255137604017e-05,0.0002393421954755576,0.00020776457073142795,0.0007129712185759845,0.0007422522878402761,0.0003510224590032286,0.00031935945019747545,0.0010779319929780438,0.001007610319942787,0.0014417121084391098,0.00132356616027493,0.0012260067640156155,0.0012459102351038134,0.00022903714294259452,0.00016617926958098633,0.00034947964700055885,0.00020982263720504507,0.0001346752535430075,0.000141149770297462,0.0019180175019787044,0.0020693751630202323,0.0005274920587315339,0.0006881949276244776,0.0002981045461267219,0.0006139308360570141,0.00014042252743666012,9.25511449115924e-05,0.000249597194521975,0.00030268293422527475,0.0004567287404405229,0.0004183115060997476,0.001449349624899587,0.0016003804669227162,0.0004494916496460508,0.0005624261857994111,0.0005520593030707129,0.0005208644388281147,0.0002621104711744752,0.0001489021139686283,0.00011048193493591951,5.6403966676128015e-05,0.0002500535608096566,0.00028305917011082435,0.0011472702772327638,0.0010702503169682986,0.00026185726191387513,0.0003238671768382099,9.48182565599125e-05,9.297806879978706e-05,0.00016773386004932092,0.0003444831677303011,0.0011911197458877912,0.0014135557651465502,0.0002558479445495691,0.0003026034376847592,5.943954087568885e-05,6.644992035205694e-05,0.0015327587164024768,0.00118583472779994,7.464390902165947e-05,5.829126335393083e-05,5.054186413975539e-05,5.278542102716775e-05,0.0013846162346459944,0.0015977423740999855,0.0004370608121506734,0.0005781163637513245,0.0008002255651775855,0.0011622920941357219,0.0006492742190181136,0.00036008796151990133,0.0012399097478660351,0.0009412104554938281,0.0003893631436154989,0.0003807157329921405,0.0007509203103785863,0.0006054689170277577,0.0003210318143696591,0.0003090926754487655,8.86322812186075e-05,0.00013461636773713688,NT
NT049,2.044006521970316e-06,3.261787272535026e-05,1.9992938592784146e-06,3.790993277347081e-06,6.202282259157804e-06,1.0932241040423164e-05,0.011525925660786883,4.1122856057340585e-05,5.107780639024976e-05,0.005441659464808351,0.0056255657559805055,0.007441489743329809,0.007575116664078751,0.12497726795823062,0.12254020224480061,5.60504909957552e-06,8.794337940149054e-05,0.00010173722947073279,3.864449706209849e-07,0.0,0.00017657341908402144,0.00033731856228611694,0.0008050255590701617,0.0008531651028266606,0.00026976095205037524,0.0003460119758192081,0.0018209063711989305,0.0021756117537310017,0.002364069130373386,0.002521448045135705,0.0,0.0,0.0,0.0008440884469539861,0.0003094945200568479,0.00047409133751299287,1.5317273778143523e-05,4.666083583521605e-06,0.0001002074184240917,0.00029452855980561686,0.00014241295932590164,0.0001597678521669193,0.0001951227745306987,0.00014321459168625876,0.0015362688755882023,0.0010839366332155331,0.0006321696872045264,0.00047207926701832946,0.00025066865177980483,0.0002614475921636084,0.0009087397301160618,0.0006013626757769722,0.00011318366565882297,0.00012182278709417757,0.00013728377943012359,8.732059613853948e-05,0.0001921845159441828,0.00017155282551958875,0.000714341939006941,0.0007347660345898492,0.0003522110599314459,0.00032399738269124157,0.0010241366675054376,0.0008332520147600288,0.0016422059006091002,0.0013377128130985874,0.0011161936145080164,0.0010055010816461493,0.0001763977591470961,0.00014369046190944974,0.0002734944549192346,0.0002816449310008322,0.00017440485232216659,0.0001117560549043006,0.0017291176984795817,0.002273708090019095,0.0007101357552088633,0.000614811598516292,0.00029420279555684986,0.00046639437184031247,0.0001443164381920141,0.000121554510019751,0.00035631184966538194,0.00032936928931536467,0.0006537754733753191,0.0004957929352668375,0.0014332285977872463,0.0013014380863703434,0.0006863741841359926,0.0006388190946343267,0.0006790253371381301,0.0006101774518520466,0.0003151602498297349,0.00017360002618978666,7.48457685022297e-05,0.00015459076509615263,0.00030395973337139965,0.0003528785575621459,0.0010896343050896132,0.0012371700515367878,0.0002389890715082903,0.0003225058983469474,8.268006281614993e-05,6.505050683113996e-05,0.00014390444405246842,0.00019598828410331536,0.0016481431058824533,0.001957254371998049,0.0002502822072824737,0.0002634724364539178,3.234001538458782e-05,5.507320008193538e-05,0.0017748587363943566,0.0016394656648440994,9.068362585798741e-05,0.00012150341113579788,6.190145899986232e-05,6.325880676988253e-05,0.0013731220349749778,0.0012470323856484363,0.0005248369901080498,0.0005142241252019731,0.0009930805465080523,0.0010830136371906465,0.0010149514134752396,0.0006392406682695954,0.001079510083079827,0.001413366601238236,0.00043513704339965913,0.0006793926232872041,0.0006612105469145246,0.000668920285138948,0.00035094633063991484,0.0002792783547545272,7.496074464698488e-05,8.766552247333976e-05,NT
NT051,1.9389115598295886e-06,5.033360536056142e-05,0.0,7.863363517499992e-07,3.4684972927078818e-06,3.480076906405454e-05,0.011589415309443987,4.220364152891054e-05,6.510164831481351e-05,0.005015778307742395,0.005216719561586908,0.007450760229842366,0.00770211856299061,0.12024027961249291,0.12037268573121826,3.332234879221861e-05,9.284154793070623e-05,0.0001407919071121916,0.0,7.270918272616496e-07,9.987818143179039e-05,0.00010912032675057577,0.0008026797386164183,0.0008321888933839753,0.00047313480625096367,0.0005385623004941878,0.001638461025987089,0.0019433790942852388,0.0023473378234511563,0.0025306026591788537,0.0,0.0,0.0,0.0008067810863610427,0.0002468853748851997,0.00041682019958676425,1.8958245994404784e-06,1.3006864630211915e-06,0.00018258891494335832,0.00040484203321443645,0.00011741725146907941,0.0001674680983579002,0.00017804862900445785,0.00013346982224783099,0.0010706992543366154,0.0012862200391450492,0.0005085387920799982,0.0009720436641012099,0.00018758430424856848,0.0002010732045986,0.0005723963026075231,0.0006939902923009353,7.886791946048398e-05,0.00010372368821068859,9.539714029877464e-05,0.00010738876960412473,0.00021923972752701702,0.00017617973448689112,0.0007329300975320021,0.0006967478549007118,0.0003419997547066452,0.00026257978533897276,0.0009210826082899945,0.0010152894713745318,0.0012893249928469252,0.0014014048496713014,0.0011840851858680233,0.0013322395657738716,0.0001920653438313461,0.0001814174886554554,0.00035720405393809576,0.0003444530174828663,0.00015781931908043982,0.000120107489989757,0.0023759610199527515,0.0023353785257024364,0.0008264314105708617,0.0005844444830546611,0.0003105059084301242,0.00045323672507097525,7.906988917032969e-05,8.865403632906085e-05,0.0003966797539169114,0.00037769188641235827,0.0005590662880050985,0.0005532280093235529,0.0013046208501450104,0.0012617466691073748,0.0005731018510262184,0.0007186467817258443,0.0005642474863658116,0.0007216197782475632,0.00019430586424692324,0.00032097602975626977,0.000124607380550032,8.523401217888486e-05,0.000338991751556825,0.0004096219886386346,0.0013295762574169285,0.001141892315895023,0.0002606408748279842,0.00031412521112791865,8.175743666180377e-05,7.001625007580758e-05,0.0001455206956785982,0.0002776817526557769,0.0011509405703013613,0.0011577132983086745,0.0001971738376917684,0.00023587935931270235,4.217940469671343e-05,4.241638269234088e-05,0.0018309545435224075,0.0020104627417393433,0.00013233071172254744,4.754372666048996e-05,5.503277223774919e-05,6.59176061050838e-05,0.0012190421458951187,0.0018110968533670752,0.0005737508498482475,0.0006419870709499605,0.0009059967992433387,0.0011562644950446454,0.0005592251685033843,0.0006330061365501484,0.0013194750661860842,0.0015233354530885563,0.00044459241231503417,0.0004808985307504693,0.00044001711987082357,0.00041152589275175527,0.0003598161974377196,0.00033612377599383263,0.00013826324271296603,0.00017443740768267586,NT
NT056,9.338468490583975e-07,2.9683177542292896e-05,0.0,1.8519103922641714e-06,4.4745732565389364e-06,2.396698229287061e-05,0.012252991213530821,3.2871409512666904e-05,6.403821975424266e-05,0.006053792422864219,0.005747548532950882,0.007510832776194256,0.0076038070958900986,0.12597288687952346,0.12681933091786987,7.749613678982771e-06,0.0001286104410233134,0.0001386433763707927,0.0,2.1044435957688342e-07,0.00026106412492323916,0.0002107179418278023,0.0008025716503445325,0.0007963109297387729,0.0004935919895641234,0.000589841347073566,0.001707114133850495,0.002048954686084499,0.002292152059679328,0.0024432589987446814,0.0,0.0,0.0,0.0008484774652809283,0.00030612552072195885,0.0004342545707418447,2.6936878105805638e-06,8.467755034860772e-06,0.0001798220760960228,0.00045747973384133406,0.00022010638858622808,0.0001844702665265818,0.0002803460846921688,0.00018545935329685525,0.0014171507308710612,0.001142618174206679,0.0007322148461010866,0.0008464966561533044,0.00035252587017742026,0.0002394435942387306,0.0009726001755932414,0.000647895051927921,0.00010021886656549439,0.00011605480471486446,9.039374492832677e-05,9.891411059953274e-05,0.00025121269372977697,0.00020638278426618215,0.0009501589144087741,0.0007427712596766388,0.00039501721542246844,0.00034751992379132167,0.0012566132496462598,0.0011938350667796021,0.00143857922912201,0.0014208834880728278,0.001342692889263961,0.001292862294692807,0.00021901207581535932,0.00020006945357883135,0.0003206935298860149,0.00041638521082939145,0.00016791355505765097,0.0001828866711643305,0.0023769821923782385,0.002345444474938909,0.0007438760913761939,0.0010318481522555406,0.0003756800103397135,0.00047105865574033595,7.172206887585314e-05,8.055284013524009e-05,0.00031606112533017015,0.0003121021404779672,0.0006039726838702673,0.00045227912759098426,0.0015798952475744982,0.0014366510336743822,0.0005141313560361667,0.0006634468888127234,0.0006579727047694792,0.0009072756141630066,0.0003250128997387335,0.0002548717950211123,0.00014405705590574873,0.00017995623352606686,0.0003140934697387438,0.00036246147520044763,0.0012814141209680744,0.0010203236970038809,0.0002622268261237485,0.000281963877095488,8.822616779928475e-05,9.496564861427103e-05,0.00010024780197318027,0.00016300231046580005,0.0016531772353644838,0.0017061671281575908,0.0002555136514415738,0.0002580310922834904,5.983196252727363e-05,9.60310232886454e-05,0.001724502096562267,0.0016806507541855934,0.00010340972889026428,0.00021577912529137597,6.118669789557439e-05,8.21074977308509e-05,0.0015827862269481303,0.0014890516783294162,0.00045991299707036186,0.0004125393410518528,0.0009576007532637904,0.0010426413192022054,0.0005904805663101579,0.0004633537611047454,0.0012523622757898288,0.0012822637898793879,0.0005756600255718753,0.00088879070981531,0.0005641750244666723,0.0006862090792019806,0.00037434368846173653,0.0002918258244588591,0.00010794743526026245,0.00014876311930072717,NT
NT059,9.317672540318477e-07,4.3273124716124456e-05,1.6962282178763783e-06,2.138946372401782e-06,4.198100528092421e-06,8.079606082912536e-06,0.013268005068665467,5.745040077554496e-05,5.2276776157181974e-05,0.006083521225016187,0.005933120617364449,0.007967528742761536,0.008411835000714513,0.12347135895598946,0.1216208563706759,8.648447448032411e-07,0.00018010134386082876,0.00017394704611315215,2.9085551918540476e-07,0.0,0.0005582109482042966,0.00048392181601940803,0.000792398537174909,0.0007654236187016706,0.0003630082858991615,0.0003862098048171801,0.001871238303879528,0.0019033688271927656,0.002614405019459785,0.0025651912369745707,0.0,0.0,0.0,0.0009697972497875223,0.00030058760002421266,0.0005080242148133008,9.708911786670079e-06,4.844160108766142e-06,0.0003368312861111919,0.0002821736135073644,0.00017869082354126102,0.00015689467652482597,0.00016522652755207842,0.00013141521698618628,0.0014380025609075364,0.0011349079454219002,0.0007072010454092279,0.0007858221226271922,0.00038134504997529837,0.0002526942483706564,0.0008868725377617306,0.0008197981643524715,9.175590870733048e-05,9.72744419987214e-05,0.00013827477443396525,9.196697194134156e-05,0.00022202829446215912,0.0001893237790429593,0.0007580055217812363,0.0008130389908861507,0.0003103196748578199,0.00023721712967934798,0.0008817555355352848,0.001078183394859306,0.0013343035610352502,0.0012254309362609668,0.0015297430304541402,0.0014282833597473877,0.0002037533014551055,0.0002109989501958238,0.0004451453669138092,0.0002950793618963316,0.00012871257712383327,6.602935155181392e-05,0.0019620109592311265,0.0020637872269894985,0.0006881126820860955,0.0007721107269721268,0.0002927113346241337,0.0004720507894585987,0.00013665061560776972,7.390304196290943e-05,0.0003640018256453331,0.00027996517108914846,0.000422862745718388,0.0005129327212442061,0.001423011921353906,0.0016151567402926863,0.0006006063567761163,0.0007278157485802344,0.0005917108086694848,0.0008001306664714714,0.00019732874120488897,0.00023689538811214693,7.442297840145187e-05,0.00010483411103670314,0.00034045282289903525,0.0003325122100227232,0.0013202189485773713,0.0013469158809308226,0.0003134727564919456,0.0003432120899261685,9.265421500260688e-05,9.70041778628451e-05,0.00011893159523150898,0.0001860986292690512,0.0013297270971250864,0.0018549838504775637,0.00027807332314540143,0.00029537536503639376,4.017152356482613e-05,5.0958917443943064e-05,0.0017743164927626958,0.0015103844148686063,0.00010508635808384135,9.702219577314163e-05,7.30922501323275e-05,5.472716918756685e-05,0.001303557818792883,0.0014852550051394282,0.0003623158924002477,0.0005517992550452904,0.001012331647450815,0.00131527955009325,0.0005763289272385599,0.000665837782082368,0.0018706720274637523,0.0015345254140852302,0.00047501082411611264,0.0005322424386956898,0.0005770264678888883,0.0006922001061637359,0.00036527592515057244,0.0003491218612706952,0.00010660755817432628,0.00014240852737823959,NT
NT070,1.843762540482557e-06,4.937877305378314e-05,3.2955227707887883e-06,2.9684036358964365e-06,1.45770786943134e-05,1.8013181630278605e-05,0.01256294358480303,6.104962740238225e-05,8.825458677737536e-05,0.005583907847983477,0.005349914922712713,0.007653669052843099,0.007997214455498242,0.12355045289874242,0.12433274618205496,7.623768884095853e-07,0.00011667069840155208,0.0001550815167512678,2.0870743502076415e-06,8.45102880397284e-06,0.00043811799465068123,0.0006091472450477056,0.0008276574245886714,0.0008297282773283853,0.0003457379190529725,0.0004231570219988522,0.0014302947317414998,0.0017103654997767319,0.002451652641629862,0.0025518403162140637,0.0,0.0,8.072543957236738e-06,0.0008514398089948856,0.00025841061936938205,0.0005580220336410996,1.1203155479980049e-05,9.762208971828776e-06,0.00022661788156003266,0.0003196603028248338,0.0001306394984113388,0.00018510348694317767,0.00019941562452924954,0.00020267870554803452,0.0011705107491902576,0.0011084932825143582,0.0004993000887806362,0.0005784304821360316,0.00024148963769887025,0.00025440408547339053,0.0008368708376567894,0.0007504708275118656,0.000125997649239777,0.00013598424588172017,8.368573256994693e-05,7.392082026773738e-05,0.00017662001513394233,0.0001630783636467038,0.0009016160980048484,0.001016835033659304,0.00034309933456943176,0.0003413042352014033,0.0008101011324912623,0.0009663505442917562,0.0015566627492778074,0.001049171171487573,0.001287376100261081,0.0011529490486960154,0.00025077333216921914,0.00016168607943783462,0.0003658354697615542,0.0003821346540719309,0.00010489711189991,0.00011230460345430259,0.00224195575719035,0.0022499309773913764,0.0006894130881254542,0.000560941770462901,0.00035037165468420446,0.000543766663142374,8.452921288301305e-05,8.116610383255697e-05,0.00025520701445421503,0.000250008253362913,0.0005365592292230333,0.00045041875248805555,0.0013788694328345096,0.0015513666630897198,0.000571355516361884,0.000746002000426982,0.0005163670547140691,0.0006866285207247046,0.00020409802411879048,0.0003132693120522492,8.544568733840359e-05,7.20554294405907e-05,0.0003077785775710229,0.0003818075355020322,0.0011205182925734844,0.0009881485788374369,0.00026873244477268216,0.0003767439471241539,9.807356889225535e-05,7.046308935328641e-05,7.678378839966486e-05,0.0002287644309095524,0.001267757059775436,0.0013405586458653364,0.0001776554424848338,0.0001332375271197332,5.3752977642906134e-05,6.818136564672496e-05,0.0018279797124092275,0.0018151301511639994,0.00016023161586687499,8.47995598918428e-05,4.203886748115208e-05,9.80654577711257e-05,0.0014311814648321638,0.0014082831241878032,0.0005347560178401578,0.0005594846041779172,0.0008421588111520379,0.0011428867519413055,0.0008908941571414013,0.0005064074924648306,0.00157190217572969,0.001626882525614337,0.000602907647047874,0.0004539467732180068,0.0006565335604584247,0.0007036927891471916,0.0004856178520278692,0.0004387776339312908,5.4761369923100574e-05,0.00011442411976710258,NT
NT081,4.458637415372512e-07,2.3647190706654982e-05,6.236621567668515e-07,8.260788497639345e-07,6.685220757707514e-06,1.5153896543926901e-05,0.011276107178092075,4.8828918574231755e-05,4.534406929065705e-05,0.005895754703981122,0.005771659611005834,0.007387313770760493,0.007538341219527074,0.11770077135095555,0.11893710770538378,3.8951532339703996e-06,9.71764127946736e-05,0.00010204535423319848,9.546407874121556e-07,0.0,0.000165081735252446,0.00034586717505307796,0.0007422372906666216,0.0007275401981563332,0.00041755549651954733,0.00046734179012401084,0.0014740774951547827,0.0016253319777436116,0.0021941665548566255,0.0022145285779555444,0.0,0.0,0.0,0.0007955686199178306,0.00030111667555871355,0.000622392957570121,1.914752253557764e-06,9.125162264838429e-06,0.0002708800027807097,0.0003954975493090179,0.00011310988767897536,0.00010510348745742046,0.00015769626000338967,0.00018424566768829577,0.0012654105219420517,0.0011379427296340085,0.0007067432638414945,0.0006079064881606978,0.00024903267887892166,0.0003237134876438903,0.0007554819124644585,0.0007000826591632632,0.00011998931823849963,0.0001146389529814661,0.00012279306243828276,0.00012835678545995043,0.00018956320861828016,0.00019698150565829558,0.0007291075669563505,0.0006102862497384275,0.0003417176276809135,0.00034529000775146673,0.0007535398044890195,0.0009631832929046383,0.0012310571337531867,0.0012844486325347883,0.0014143508976148717,0.0011891240601444686,0.00020948757262697566,0.000227486244375842,0.00039003229865006573,0.00029934142651712046,0.00011607228147887814,0.0001131399749880572,0.0022762848244801868,0.002602867702447065,0.0004930979397263217,0.0006594871748303173,0.0002968604542231033,0.0005653880444543498,0.00010521837167964153,0.00015183438254820315,0.0002643725794456228,0.00033065583164287177,0.000562882456039281,0.000545190145053848,0.0015318565051382221,0.0017209738474165124,0.0005614983617328119,0.0006914854213406546,0.0005201971539603532,0.0007221187209304836,0.0004897717409263406,0.00047351002497503583,0.00012115458103022988,8.802936726402936e-05,0.00027307649631944813,0.0003271956013802221,0.0010730846039956423,0.0010433238821695163,0.00028737422488041536,0.0002639896289356665,5.0322425124962086e-05,4.4457812392771704e-05,0.00010959768431574185,0.00014388816184029708,0.001406585207673341,0.0015577576336150637,0.00027070767384372834,0.00033757355807606185,0.00010631525147571275,5.992080453020194e-05,0.0015661880165002474,0.0015049296223668682,0.00010388351623613348,0.000153360714616074,4.9980504669128365e-05,7.686909704435516e-05,0.0013708860201681991,0.0013875662492788996,0.00044309008479206333,0.0004932456520017732,0.0011300895103918145,0.0006891740426182675,0.0004858355578097455,0.0003861344094323123,0.0012146449705820286,0.0012174350382928543,0.0006266163508057287,0.0006356676582320677,0.0006167088763370699,0.0006287143733121594,0.00030114949844621975,0.00033701280832976486,0.00015501013703859802,0.0001731182229441868,NT
NT090,4.318749850104915e-07,1.8212197199297474e-05,6.357669737021193e-06,3.5783926643681895e-06,1.1484348863826157e-05,2.279536015539336e-05,0.0121744407664733,5.1701604423421834e-05,7.220832095296872e-05,0.005989383167723385,0.006095935829461615,0.007954499363567222,0.008162501514435197,0.11637769413772399,0.11622426393825101,5.490981808745333e-06,0.00011569548657431977,0.0001304174290307952,0.0,0.0,0.00027804522517686347,0.0004297596729509325,0.0007405921255647796,0.0007969356488496484,0.0001312723654218847,0.00025154807749082196,0.0018612224897897323,0.002109676929238387,0.002357493813292442,0.002541278646231039,0.0,0.0,2.5089879720076614e-06,0.0009757994697752823,0.000307036665584679,0.0006016282820909288,4.227674048448513e-06,7.071585443589732e-06,0.0002609788154931248,0.0005044035256520882,0.00011427940725096306,0.00014414635299507186,0.00019439368243861097,0.0001207105241135396,0.001232635803385534,0.0011794387962617851,0.0005235705513023069,0.0006395980210976386,0.0002646747241656767,0.00019453470377619764,0.0008017891073142475,0.0007076873693652954,8.88516659262277e-05,0.00011332751921427022,9.215095525795342e-05,0.00010907046520371341,0.00021882546689984265,0.00018731622137992641,0.0006479593538717322,0.0007850047402777734,0.0003939933665883878,0.0003310747651691589,0.0010824578919321549,0.0010451756234130679,0.0014995022170140814,0.001306092741760513,0.001083826967696702,0.0012654024826581987,0.00015040413157092444,0.00016295200950085278,0.0004314166562999361,0.00025072839440516014,0.00013738618639316837,0.00012123935041482968,0.002417641963492235,0.002052452016462041,0.000506818499071575,0.000526584860402491,0.00039550052349956343,0.0005470563209417846,7.507573508757713e-05,8.002320098237427e-05,0.00021355189231626732,0.0002783625175851394,0.0005277071486448542,0.0004767899705688855,0.001365667985356111,0.0016546804762042427,0.0005396263113338635,0.0007768901936192606,0.0005848497874209663,0.0006766716938550012,0.00023775158005130597,0.0002732534651026756,8.540254153843993e-05,9.484503265756657e-05,0.00032535756510717543,0.00032052467851262096,0.0012918085514781986,0.0014751967658406704,0.00026923732180471154,0.00024092160152508314,7.740551030760814e-05,5.850877650425971e-05,0.00011519603889551612,0.00019984647132589164,0.0013893917299826297,0.001777729593944965,0.00020428567662718284,0.0001431856509273252,5.32381388518958e-05,4.841406618792358e-05,0.0013503496487495181,0.0015420668836367858,0.00010397610357305803,0.00011604509982221824,7.126524660126075e-05,6.709045503111744e-05,0.0012498432309740785,0.0016997041785537517,0.00040442006434554496,0.0007017909535818402,0.0008666878675351705,0.000964359185546367,0.0007003748728742075,0.00042951875702497785,0.0013467594984024481,0.001414328835080843,0.0004879687749223159,0.0005695931450240484,0.0007496938213631286,0.0007080722393067487,0.0003405113814211463,0.0002915714273255646,0.0001329176026926611,9.944288558355309e-05,NT
